Name,Email,Username,Item name,Category,serial number,manufacturer,purchase date,purchase cost,purchase_order,order number,Licensed To Name,Licensed to Email,expiration date,maintained,reassignable,seats,company,supplier,notesHelen Anderson,cspencer0@privacy.gov.au,cspencer0,Argentum Malachite Athletes Foot Relief,Misc Software,1aa5b0eb-79c5-40b2-8943-5472a6893c3c,"Beer, Leannon and Lubowitz",7/13/12,$79.66 ,53008,386436062-5,Cynthia Spencer,cspencer0@gov.uk,1/27/16,FALSE,no,80,"Haag, Schmidt and Farrell","Hegmann, Mohr and Cremin","Sed ante. Vivamus tortor. Duis mattis egestas metus.

Aenean fermentum. Donec ut mauris eget massa tempor convallis. Nulla neque libero, convallis eget, eleifend luctus, ultricies eu, nibh."Thomas Franklin,bgibson1@sun.com,bgibson1,Hydralazine Hydrochloride,Misc Software,c6f022c1-6a5d-447c-889b-6b371dcdf733,Marvin Inc,3/5/02,$17.47 ,57537,257871081-3,Bobby Gibson,bgibson1@army.mil,9/10/16,TRUE,FALSE,5,"Grady, Macejkovic and Harris",Prohaska LLC,"Duis bibendum. Morbi non quam nec dui luctus rutrum. Nulla tellus.

In sagittis dui vel nisl. Duis ac nibh. Fusce lacus purus, aliquet at, feugiat non, pretium quis, lectus."Russell Gutierrez,rwallace2@squidoo.com,rwallace2,etanercept,Misc Software,0e97134a-63f4-451b-b42e-b3c5d9f8c55c,"Rodriguez, Dietrich and D'Amore",3/1/84,$5.31 ,34889,836738603-5,Raymond Wallace,rwallace2@princeton.edu,9/6/16,FALSE,FALSE,37,Ziemann Group,Olson-Murazik,"Proin eu mi. Nulla ac enim. In tempor, turpis nec euismod scelerisque, quam turpis adipiscing lorem, vitae mattis nibh ligula nec sem."Russell Harris,kcunningham3@nps.gov,kcunningham3,Diltiazem Hydrochloride,Misc Software,4db4abb2-4dc5-4801-8c62-0ce702725975,Thompson and Sons,5/15/87,$73.70 ,39347,408046970-5,Kathleen Cunningham,kcunningham3@nyu.edu,8/6/16,FALSE,sometimes,80,Gusikowski Group,"Ritchie, Gutmann and Terry",Praesent id massa id nisl venenatis lacinia. Aenean sit amet justo. Morbi ut odio.Lois Hill,wdaniels4@utexas.edu,wdaniels4,"BACITRACIN ZINC, NEOMYCIN SULFATE, POLYMYXIN-B SULFATE",Misc Software,e7feeab5-98e5-4c44-b303-7693796cee2b,Wiegand LLC,1/18/11,$23.30 ,70726,911844083-5,Walter Daniels,wdaniels4@bbc.co.uk,4/23/16,FALSE,no,89,Kuvalis Inc,"Schoen, Lynch and Kuhic","Morbi porttitor lorem id ligula. Suspendisse ornare consequat lectus. In est risus, auctor sed, tristique in, tempus sit amet, sem.

Fusce consequat. Nulla nisl. Nunc nisl."Clarence Stanley,mhoward5@nationalgeographic.com,mhoward5,sodium fluoride,Misc Software,c2f965fc-f701-4eaf-94d3-ce84dfba5002,,2/8/82,$97.34 ,,220460709-6,Marie Howard,mhoward5@goodreads.com,5/7/16,FALSE,FALSE,32,,,Janet Cooper,dmartinez6@nytimes.com,dmartinez6,dextromethorphan hydrobromide and menthol,Misc Software,e1cdc73c-c1bb-4949-83f6-d17cc96c7034,,3/29/15,$95.70 ,,116567388-6,Denise Martinez,dmartinez6@vinaora.com,3/2/16,FALSE,,82,,,Jose Cruz,jtorres7@odnoklassniki.ru,jtorres7,Isopropyl Alcohol,Misc Software,4e9970a7-c9b4-4a3a-8fb6-d2560e4740e9,Rath Group,7/6/16,$58.88 ,59165,232359646-2,Jacqueline Torres,jtorres7@miibeian.gov.cn,7/1/16,TRUE,NO,34,Kshlerin Inc,Johns-Little,Nullam sit amet turpis elementum ligula vehicula consequat. Morbi a ipsum. Integer a nibh.Heather Hamilton,jbrooks8@answers.com,jbrooks8,Calcium Gluconate,Misc Software,fbd4a0bb-51bf-4602-8ca0-c103064969b1,"Yundt, Bahringer and Upton",11/16/11,$81.03 ,66798,445210062-7,Jeremy Brooks,jbrooks8@photobucket.com,9/10/16,TRUE,TRUE,96,"Streich, Powlowski and Denesik",Feest-Prosacco,In quis justo. Maecenas rhoncus aliquam lacus. Morbi quis tortor id nulla ultrices aliquet.Lois Banks,dbennett9@webeden.co.uk,dbennett9,Lorazepam,Misc Software,ce346a8c-54f2-426e-9f6e-0e56ee0cd272,,,$54.15 ,,675338655-6,David Bennett,dbennett9@csmonitor.com,5/1/16,FALSE,TRUE,77,,,Teresa Romero,tturnera@biblegateway.com,tturnera,TITANIUM DIOXIDE,Misc Software,e6d8db5f-f816-4ecd-8be0-410ac1080618,Hartmann-Christiansen,3/23/81,$43.29 ,20552,823104280-6,Todd Turner,tturnera@icq.com,12/30/16,FALSE,sometimes,62,Beier-Cummings,"Thompson, Prohaska and Johns","Nullam sit amet turpis elementum ligula vehicula consequat. Morbi a ipsum. Integer a nibh.

In quis justo. Maecenas rhoncus aliquam lacus. Morbi quis tortor id nulla ultrices aliquet."Jerry Thompson,jgrayb@bbb.org,jgrayb,Lisinopril,Misc Software,debf33e7-4b88-4ab3-8510-433c21418b97,"Zieme, Mayert and Sanford",,$11.04 ,86140,009011161-3,Jennifer Gray,jgrayb@rediff.com,12/1/16,FALSE,yes,76,"Hudson, Frami and Reichert",Corkery-Pagac,"Proin eu mi. Nulla ac enim. In tempor, turpis nec euismod scelerisque, quam turpis adipiscing lorem, vitae mattis nibh ligula nec sem.

Duis aliquam convallis nunc. Proin at turpis a pede posuere nonummy. Integer non velit."Helen Peters,astonec@boston.com,astonec,Hyoscyamine Sulfate,Misc Software,9adcb06d-3d81-4e2c-8a27-235616274203,"Beier, Lang and Moore",1/4/05,$93.27 ,38153,609876637-1,Andrea Stone,astonec@posterous.com,5/16/16,TRUE,TRUE,89,Kiehn-Douglas,Swaniawski-Bernhard,"Donec diam neque, vestibulum eget, vulputate ut, ultrices vel, augue. Vestibulum ante ipsum primis in faucibus orci luctus et ultrices posuere cubilia Curae; Donec pharetra, magna vestibulum aliquet ultrices, erat tortor sollicitudin mi, sit amet lobortis sapien sapien non mi. Integer ac neque."Marie Williamson,jwardd@phoca.cz,jwardd,"dextromethorphan hydrobromide, guaifenesin, and phenylephrine hydrochloride",Misc Software,c4947269-22c4-4ba0-80a8-5a45a12032e2,"Cummerata, Considine and Weimann",6/10/81,$45.82 ,62145,054787864-8,James Ward,jwardd@whitehouse.gov,2/12/16,TRUE,yes,78,"Osinski, Jacobi and Wisozk",Miller Inc,"Integer tincidunt ante vel ipsum. Praesent blandit lacinia erat. Vestibulum sed magna at nunc commodo placerat.

Praesent blandit. Nam nulla. Integer pede justo, lacinia eget, tincidunt eget, tempus vel, pede.

Morbi porttitor lorem id ligula. Suspendisse ornare consequat lectus. In est risus, auctor sed, tristique in, tempus sit amet, sem."Marilyn Nguyen,alawrencee@abc.net.au,alawrencee,DIMETHICONE,Misc Software,777dd0e2-229d-452a-a362-8a92c24bce39,Larson-Turner,3/9/96,$8.90 ,70188,658299511-1,Anthony Lawrence,alawrencee@seattletimes.com,7/11/16,FALSE,FALSE,80,Bogan Group,"Corwin, Stokes and Keebler","Proin leo odio, porttitor id, consequat in, consequat ut, nulla. Sed accumsan felis. Ut at dolor quis odio consequat varius."Sarah Jordan,twebbf@moonfruit.com,twebbf,Magesium Citrate,Misc Software,70c3c342-6760-4772-82f8-40d4df93ec19,Nitzsche-Bednar,9/4/93,$91.89 ,19815,549157091-5,Thomas Webb,twebbf@salon.com,11/7/16,FALSE,YES,29,"Murazik, Eichmann and Orn",Howe Group,In hac habitasse platea dictumst. Etiam faucibus cursus urna. Ut tellus.Marilyn Greene,pgilbertg@lulu.com,pgilbertg,Glycopyrrolate,Misc Software,d3769f63-8a02-47dc-8195-501ace6d1a76,"Hartmann, Schuppe and Maggio",11/18/84,$36.82 ,17514,467492572-X,Philip Gilbert,pgilbertg@unicef.org,3/26/16,FALSE,FALSE,11,"Kerluke, Bednar and Kuphal",Hilpert Inc,"In sagittis dui vel nisl. Duis ac nibh. Fusce lacus purus, aliquet at, feugiat non, pretium quis, lectus.

Suspendisse potenti. In eleifend quam a odio. In hac habitasse platea dictumst.

Maecenas ut massa quis augue luctus tincidunt. Nulla mollis molestie lorem. Quisque ut erat."Anna Burton,tbennetth@comcast.net,tbennetth,Finasteride,Misc Software,25e46967-c6a9-42f0-8458-9d6eeb4d5fb6,Volkman LLC,4/23/99,$94.12 ,24353,897915880-7,Thomas Bennett,tbennetth@ow.ly,10/9/16,TRUE,TRUE,70,Considine LLC,Lemke-Leffler,"Nullam porttitor lacus at turpis. Donec posuere metus vitae ipsum. Aliquam non mauris.

Morbi non lectus. Aliquam sit amet diam in magna bibendum imperdiet. Nullam orci pede, venenatis non, sodales sed, tincidunt eu, felis.

Fusce posuere felis sed lacus. Morbi sem mauris, laoreet ut, rhoncus aliquet, pulvinar sed, nisl. Nunc rhoncus dui vel sem."Randy Harrison,cjohnsoni@stumbleupon.com,cjohnsoni,"OCTINOXATE, TITANIUM DIOXIDE",Misc Software,99f3615d-f4ae-44c3-ba37-ed1cc783d95b,Skiles-Feil,10/7/97,$96.45 ,51684,282994437-2,Charles Johnson,cjohnsoni@squidoo.com,12/22/16,FALSE,,44,Johnson LLC,Stokes-Hahn,"In hac habitasse platea dictumst. Morbi vestibulum, velit id pretium iaculis, diam erat fermentum justo, nec condimentum neque sapien placerat ante. Nulla justo.

Aliquam quis turpis eget elit sodales scelerisque. Mauris sit amet eros. Suspendisse accumsan tortor quis turpis.

Sed ante. Vivamus tortor. Duis mattis egestas metus."Eric Fuller,khartj@msu.edu,khartj,Allergenic Extracts Alum Precipitated,Misc Software,c8b6b2ac-2b4b-4575-9636-aee12430d0d0,Gislason-Hermann,2/24/86,$63.81 ,75717,039291443-3,Katherine Hart,khartj@360.cn,10/2/16,FALSE,YES,86,"Stroman, Fay and Roob",Wehner-Altenwerth,"Pellentesque at nulla. Suspendisse potenti. Cras in purus eu magna vulputate luctus.

Cum sociis natoque penatibus et magnis dis parturient montes, nascetur ridiculus mus. Vivamus vestibulum sagittis sapien. Cum sociis natoque penatibus et magnis dis parturient montes, nascetur ridiculus mus.

Etiam vel augue. Vestibulum rutrum rutrum neque. Aenean auctor gravida sem."William Perkins,mwardk@yahoo.com,mwardk,Pseudoephedrine HCl,Misc Software,0f241979-af54-4447-8939-4cc0c77a50b6,"Gorczany, Walker and Schaden",6/23/82,$12.85 ,37375,947683395-5,Melissa Ward,mwardk@yellowpages.com,2/3/16,TRUE,,81,"Fahey, O'Reilly and Rempel","Gerhold, Feeney and Bashirian","Morbi non lectus. Aliquam sit amet diam in magna bibendum imperdiet. Nullam orci pede, venenatis non, sodales sed, tincidunt eu, felis.

Fusce posuere felis sed lacus. Morbi sem mauris, laoreet ut, rhoncus aliquet, pulvinar sed, nisl. Nunc rhoncus dui vel sem.

Sed sagittis. Nam congue, risus semper porta volutpat, quam pede lobortis ligula, sit amet eleifend pede libero quis orci. Nullam molestie nibh in lectus."Jose Hicks,lbarnesl@github.io,lbarnesl,Ampicillin Sodium,Misc Software,c43a1438-51a5-4f1d-8011-c3830caa3506,Robel-Gutkowski,11/1/82,$66.70 ,57574,006385318-3,Lillian Barnes,lbarnesl@washington.edu,9/8/16,FALSE,YES,3,"Stark, Gerlach and Shields",Baumbach LLC,"Praesent id massa id nisl venenatis lacinia. Aenean sit amet justo. Morbi ut odio.

Cras mi pede, malesuada in, imperdiet et, commodo vulputate, justo. In blandit ultrices enim. Lorem ipsum dolor sit amet, consectetuer adipiscing elit.

Proin interdum mauris non ligula pellentesque ultrices. Phasellus id sapien in sapien iaculis congue. Vivamus metus arcu, adipiscing molestie, hendrerit at, vulputate vitae, nisl."Susan Moreno,lhawkinsm@weather.com,lhawkinsm,OXYGEN,Misc Software,da1e684c-5e85-41fe-acd1-c82cec15971b,"Waelchi, Wisozk and Price",10/20/91,$91.48 ,10257,386667729-4,Lisa Hawkins,lhawkinsm@princeton.edu,6/3/16,TRUE,TRUE,38,Schamberger-Farrell,Nienow-Corkery,"Praesent blandit. Nam nulla. Integer pede justo, lacinia eget, tincidunt eget, tempus vel, pede.

Morbi porttitor lorem id ligula. Suspendisse ornare consequat lectus. In est risus, auctor sed, tristique in, tempus sit amet, sem.

Fusce consequat. Nulla nisl. Nunc nisl."Diana Fisher,jgeorgen@jiathis.com,jgeorgen,Dyphylline and Guaifenesin,Misc Software,26db2092-d53f-40e9-be4f-bf19d3f0dfac,,6/24/83,$18.29 ,,313818090-6,Jimmy George,jgeorgen@engadget.com,4/30/16,FALSE,sometimes,70,,,Edward Cox,cjenkinso@kickstarter.com,cjenkinso,"Kali mur , Kali sulph , Kali bich , Citricidal Extract",Misc Software,022615bf-4b84-4da1-9314-a14dc499d7b2,"Batz, Miller and Mohr",11/9/92,$55.47 ,79996,164863759-0,Christopher Jenkins,cjenkinso@elpais.com,5/20/16,FALSE,FALSE,61,"Turner, Jenkins and Ziemann",Brekke-Cremin,"Pellentesque at nulla. Suspendisse potenti. Cras in purus eu magna vulputate luctus.

Cum sociis natoque penatibus et magnis dis parturient montes, nascetur ridiculus mus. Vivamus vestibulum sagittis sapien. Cum sociis natoque penatibus et magnis dis parturient montes, nascetur ridiculus mus.

Etiam vel augue. Vestibulum rutrum rutrum neque. Aenean auctor gravida sem."Gregory Simmons,amartinp@tinypic.com,amartinp,Fluphenazine Hydrochloride,Misc Software,11fb02d8-8db9-4acd-bcbb-997c5ffa9555,Abshire-Pfeffer,4/28/85,$86.65 ,79416,870571903-8,Ann Martin,amartinp@ezinearticles.com,7/7/16,TRUE,TRUE,12,Larson-Johnson,Rowe Inc,"Morbi porttitor lorem id ligula. Suspendisse ornare consequat lectus. In est risus, auctor sed, tristique in, tempus sit amet, sem."Victor Long,agrahamq@chicagotribune.com,agrahamq,"Acetaminophen, Dextromethorphan HBr, Guaifenesin, Phenylephrine HCl",Misc Software,7ac19f19-6987-449c-8195-e5a4805055b8,Cummerata and Sons,,$69.05 ,25399,447273947-X,Ashley Graham,agrahamq@uiuc.edu,10/15/16,FALSE,FALSE,60,"Sawayn, Kshlerin and Smith","Lemke, Williamson and Marks","Sed ante. Vivamus tortor. Duis mattis egestas metus.

Aenean fermentum. Donec ut mauris eget massa tempor convallis. Nulla neque libero, convallis eget, eleifend luctus, ultricies eu, nibh."Teresa Arnold,solsonr@wordpress.org,solsonr,TOXICODENDRON VERNIX LEAFY TWIG,Misc Software,40e87b5d-65b4-457a-9dfc-2bcfb2811246,Hermann and Sons,4/25/84,$80.42 ,99285,455923522-8,Shirley Olson,solsonr@mysql.com,2/7/16,TRUE,FALSE,16,"Wisozk, Hartmann and Schamberger",Pacocha Inc,Aliquam quis turpis eget elit sodales scelerisque. Mauris sit amet eros. Suspendisse accumsan tortor quis turpis.Philip Long,tyoungs@cyberchimps.com,tyoungs,ribavirin,Misc Software,0c45d590-1251-4512-a1df-1a05dc9155f4,"Larson, Shanahan and Carter",8/17/05,$14.28 ,13758,260847846-8,Terry Young,tyoungs@issuu.com,2/26/16,TRUE,,82,"Kuhn, Brakus and Nolan",McLaughlin-Mosciski,"In hac habitasse platea dictumst. Morbi vestibulum, velit id pretium iaculis, diam erat fermentum justo, nec condimentum neque sapien placerat ante. Nulla justo.

Aliquam quis turpis eget elit sodales scelerisque. Mauris sit amet eros. Suspendisse accumsan tortor quis turpis.

Sed ante. Vivamus tortor. Duis mattis egestas metus."Beverly Hughes,jolsont@msu.edu,jolsont,famotidine,Misc Software,01367534-a9b1-4d68-8aba-1977a80b6948,,2/6/98,$71.16 ,,696828218-6,Jack Olson,jolsont@wikispaces.com,8/1/16,TRUE,NO,30,,,Russell Vasquez,aedwardsu@utexas.edu,aedwardsu,HYDROCODONE BITARTRATE AND IBUPROFEN,Misc Software,5676d28a-c79c-42f7-a76b-424a8ece6d20,Stracke-Schiller,8/30/89,$20.02 ,29882,628431288-1,Ashley Edwards,aedwardsu@apple.com,5/9/16,FALSE,TRUE,65,Carter-Homenick,Reinger Inc,"Cum sociis natoque penatibus et magnis dis parturient montes, nascetur ridiculus mus. Vivamus vestibulum sagittis sapien. Cum sociis natoque penatibus et magnis dis parturient montes, nascetur ridiculus mus.

Etiam vel augue. Vestibulum rutrum rutrum neque. Aenean auctor gravida sem.

Praesent id massa id nisl venenatis lacinia. Aenean sit amet justo. Morbi ut odio."Patrick Brown,snelsonv@cdc.gov,snelsonv,Carvedilol,Misc Software,b5a21345-8e25-4fa5-a04b-17863fd96ca6,Gusikowski-Hettinger,10/3/92,$99.10 ,52479,044668450-3,Samuel Nelson,snelsonv@reference.com,12/21/16,FALSE,YES,63,"Hills, Rau and Fay","Wuckert, Hodkiewicz and Denesik",Praesent id massa id nisl venenatis lacinia. Aenean sit amet justo. Morbi ut odio.Annie Wilson,cschmidtw@geocities.com,cschmidtw,Diclofenac Sodium,Misc Software,48257383-9220-49b0-8b69-7aba85309cd9,Cruickshank and Sons,8/11/03,$98.46 ,19740,891683066-4,Cheryl Schmidt,cschmidtw@lycos.com,8/28/16,FALSE,TRUE,16,Dooley-Moen,Greenholt-Goyette,"Quisque porta volutpat erat. Quisque erat eros, viverra eget, congue eget, semper rutrum, nulla. Nunc purus.

Phasellus in felis. Donec semper sapien a libero. Nam dui."Jennifer Butler,jharperx@adobe.com,jharperx,Amlodipine besylate and Atorvastatin calcium,Misc Software,6ee7167e-caf2-4f55-8e21-6f467cedb012,,8/22/91,$6.91 ,,174416888-1,Jessica Harper,jharperx@altervista.org,4/16/16,FALSE,FALSE,35,,,Aaron Harris,staylory@ft.com,staylory,Metformin Hydrochloride,Misc Software,b65c1f46-9408-4459-885a-593ece7a5bd7,,3/31/89,$30.30 ,,229826432-5,Stephen Taylor,staylory@businessinsider.com,3/13/16,TRUE,yes,69,,,Clarence Torres,apattersonz@apache.org,apattersonz,"Naproxen sodium, Pseudoephedrine HCl",Misc Software,277e6d67-4a1e-4edb-bb67-cb863b85429e,"Funk, Weber and Lockman",5/9/86,$73.99 ,99424,521068453-9,Alice Patterson,apattersonz@homestead.com,7/2/16,TRUE,FALSE,11,"Lemke, Bins and Wunsch",Glover and Sons,"Duis bibendum. Morbi non quam nec dui luctus rutrum. Nulla tellus.

In sagittis dui vel nisl. Duis ac nibh. Fusce lacus purus, aliquet at, feugiat non, pretium quis, lectus."Thomas Porter,sperkins10@1688.com,sperkins10,OCTINOXATE and TITANIUM DIOXIDE,Misc Software,c1cb0f14-98bd-4701-912e-02e02364d87d,Quigley Group,12/5/96,$24.28 ,25442,757409810-7,Sharon Perkins,sperkins10@who.int,3/22/16,TRUE,TRUE,60,Jerde-DuBuque,Tremblay-Cummerata,"Nulla ut erat id mauris vulputate elementum. Nullam varius. Nulla facilisi.

Cras non velit nec nisi vulputate nonummy. Maecenas tincidunt lacus at velit. Vivamus vel nulla eget eros elementum pellentesque."Patrick Porter,dgreene11@xing.com,dgreene11,bupropion hydrochloride,Misc Software,883dab09-e464-4194-afa5-cd884f3b8701,Howe-Zemlak,7/31/95,$40.98 ,91544,871971869-1,Diane Greene,dgreene11@mayoclinic.com,6/5/16,TRUE,NO,99,Bernhard-Gerhold,Swaniawski-Schinner,"Etiam vel augue. Vestibulum rutrum rutrum neque. Aenean auctor gravida sem.

Praesent id massa id nisl venenatis lacinia. Aenean sit amet justo. Morbi ut odio."Richard Tucker,kturner12@smugmug.com,kturner12,Alcohol,Misc Software,e35cac12-40f9-4bfb-962d-28d3ab69cc1e,,4/4/12,$95.95 ,,201074756-9,Kelly Turner,kturner12@ftc.gov,5/25/16,FALSE,NO,92,,,Jonathan Rogers,jwashington13@miitbeian.gov.cn,jwashington13,Birch Black,Misc Software,93aad585-abbf-4433-82a8-dbf651758298,Osinski LLC,7/8/96,$46.56 ,21226,506549653-6,Janice Washington,jwashington13@forbes.com,6/2/16,FALSE,YES,92,"Sawayn, Muller and Hauck",Mante-Johnston,"Nullam sit amet turpis elementum ligula vehicula consequat. Morbi a ipsum. Integer a nibh.

In quis justo. Maecenas rhoncus aliquam lacus. Morbi quis tortor id nulla ultrices aliquet."Beverly James,bmorales14@bloglovin.com,bmorales14,"Avobenzone, Octinoxate, and Octisalate",Misc Software,4654bd60-b6d5-472f-9aaa-ff5c58b25850,,11/8/14,$40.00 ,,012952073-X,Brandon Morales,bmorales14@mlb.com,3/8/16,TRUE,NO,72,,,Wayne Carter,jlong15@oakley.com,jlong15,Alprazolam,Misc Software,63bc155d-46b4-4354-b56b-f65af16467d3,,3/4/15,$31.82 ,,028940126-7,John Long,jlong15@bigcartel.com,2/27/16,FALSE,sometimes,8,,,Julie Hall,erichardson16@unesco.org,erichardson16,Carvedilol,Misc Software,44efe270-c6dd-4ee3-8c8e-20253029ed42,"Hane, Bernier and Volkman",12/7/12,$10.19 ,73288,654797348-4,Edward Richardson,erichardson16@yellowbook.com,12/30/16,FALSE,no,24,Goodwin-Mante,Kohler-Davis,"Pellentesque at nulla. Suspendisse potenti. Cras in purus eu magna vulputate luctus.

Cum sociis natoque penatibus et magnis dis parturient montes, nascetur ridiculus mus. Vivamus vestibulum sagittis sapien. Cum sociis natoque penatibus et magnis dis parturient montes, nascetur ridiculus mus.

Etiam vel augue. Vestibulum rutrum rutrum neque. Aenean auctor gravida sem."Christopher Chapman,dking17@blogger.com,dking17,Hydrocodone Bitartrate and Acetaminophen,Misc Software,a167b219-ba83-4035-ab1b-2f9a22eaf3ba,Schneider-Connelly,,$23.22 ,61196,106996949-4,Denise King,dking17@biglobe.ne.jp,9/22/16,TRUE,YES,85,Koss-Shanahan,Rohan Inc,"Sed ante. Vivamus tortor. Duis mattis egestas metus.

Aenean fermentum. Donec ut mauris eget massa tempor convallis. Nulla neque libero, convallis eget, eleifend luctus, ultricies eu, nibh."Paula Russell,kgreene18@imageshack.us,kgreene18,nepafenac,Misc Software,072b14cc-a33b-487f-bebd-721937f0061f,Witting LLC,7/7/90,$60.29 ,60580,380670490-2,Kelly Greene,kgreene18@toplist.cz,9/18/16,TRUE,no,88,O'Reilly-Heaney,Dickens-Green,"Maecenas leo odio, condimentum id, luctus nec, molestie sed, justo. Pellentesque viverra pede ac diam. Cras pellentesque volutpat dui.

Maecenas tristique, est et tempus semper, est quam pharetra magna, ac consequat metus sapien ut nunc. Vestibulum ante ipsum primis in faucibus orci luctus et ultrices posuere cubilia Curae; Mauris viverra diam vitae quam. Suspendisse potenti."Joshua Adams,sturner19@eventbrite.com,sturner19,Sumatriptan Succinate,Misc Software,2ab4b3d3-86fa-48a2-b06d-b29e3fd9f6a3,"Jenkins, Stiedemann and Nolan",9/29/88,$99.91 ,93416,252472374-7,Shirley Turner,sturner19@home.pl,10/21/16,TRUE,YES,84,Hintz LLC,Koepp-Mante,"Quisque porta volutpat erat. Quisque erat eros, viverra eget, congue eget, semper rutrum, nulla. Nunc purus.

Phasellus in felis. Donec semper sapien a libero. Nam dui."Denise Black,pnichols1a@house.gov,pnichols1a,Triclosan,Misc Software,528f648b-f8d3-4039-9f1c-13f6dc0bc39d,Koss Group,9/20/85,$33.55 ,98845,845091541-4,Paul Nichols,pnichols1a@mac.com,12/21/16,TRUE,TRUE,32,Terry Inc,Kuhic Inc,"Aenean fermentum. Donec ut mauris eget massa tempor convallis. Nulla neque libero, convallis eget, eleifend luctus, ultricies eu, nibh.

Quisque id justo sit amet sapien dignissim vestibulum. Vestibulum ante ipsum primis in faucibus orci luctus et ultrices posuere cubilia Curae; Nulla dapibus dolor vel est. Donec odio justo, sollicitudin ut, suscipit a, feugiat et, eros.

Vestibulum ac est lacinia nisi venenatis tristique. Fusce congue, diam id ornare imperdiet, sapien urna pretium nisl, ut volutpat sapien arcu sed augue. Aliquam erat volutpat."Benjamin Scott,shicks1b@vinaora.com,shicks1b,"Magnesium Chloride, Dextrose monohydrate, Lactic Acid, Sodium Chloride, Sodium Bicarbonate, and Potassium Chloride",Misc Software,37966b9e-929e-4269-82bd-a765c73b66cb,Wunsch-Kertzmann,3/2/81,$81.06 ,71450,162405257-6,Samuel Hicks,shicks1b@washington.edu,3/14/16,TRUE,TRUE,44,Pacocha Group,"Schmeler, Bogan and Ankunding","Curabitur gravida nisi at nibh. In hac habitasse platea dictumst. Aliquam augue quam, sollicitudin vitae, consectetuer eget, rutrum at, lorem.

Integer tincidunt ante vel ipsum. Praesent blandit lacinia erat. Vestibulum sed magna at nunc commodo placerat.

Praesent blandit. Nam nulla. Integer pede justo, lacinia eget, tincidunt eget, tempus vel, pede."George Brooks,vperry1c@howstuffworks.com,vperry1c,"phenylephrine hcl, brompheniramine maleate",Misc Software,28a602f4-913d-409e-a0f1-096b7945b6af,"Yundt, Smitham and Gibson",7/19/90,$78.47 ,73300,906304957-9,Victor Perry,vperry1c@upenn.edu,11/4/16,TRUE,NO,54,Watsica Group,"Hamill, Ebert and Eichmann","In congue. Etiam justo. Etiam pretium iaculis justo.

In hac habitasse platea dictumst. Etiam faucibus cursus urna. Ut tellus."Beverly Arnold,vgarrett1d@ebay.co.uk,vgarrett1d,Promethazine Hydrochloride,Misc Software,b621c42b-e631-450c-b5e1-638565827fcd,Moen Group,9/5/06,$93.45 ,19760,102357338-5,Victor Garrett,vgarrett1d@livejournal.com,2/28/16,TRUE,no,1,"Casper, Cruickshank and Homenick","Feeney, Jacobson and Wolff","Mauris enim leo, rhoncus sed, vestibulum sit amet, cursus id, turpis. Integer aliquet, massa id lobortis convallis, tortor risus dapibus augue, vel accumsan tellus nisi eu orci. Mauris lacinia sapien quis libero.

Nullam sit amet turpis elementum ligula vehicula consequat. Morbi a ipsum. Integer a nibh."